{
  "Component-preload.js.map": 1683090717657,
  "i18n/i18n_de.properties": 1683090575679,
  "i18n/i18n.properties": 1683090575679,
  "manifest.json": 1683090575679,
  "controller/Main.controller.js": 1683090717003,
  "controller/Main.controller.js.map": 1683090717373,
  "model/formatter.js": 1683090717013,
  "model/formatter.js.map": 1683090717373,
  "model/models.js": 1683090717020,
  "model/models.js.map": 1683090717408,
  "controller/BaseController.js": 1683090717047,
  "controller/BaseController.js.map": 1683090717418,
  "controller/App.controller.js": 1683090717061,
  "controller/App.controller.js.map": 1683090717379,
  "Component.js": 1683090717081,
  "Component.js.map": 1683090717388,
  "model/formatter-dbg.js": 1683090717013,
  "controller/Main-dbg.controller.js": 1683090717003,
  "model/models-dbg.js": 1683090717020,
  "controller/BaseController-dbg.js": 1683090717047,
  "controller/App-dbg.controller.js": 1683090717061,
  "Component-dbg.js": 1683090717081,
  "Component-preload.js": 1683090717657,
  "i18n/i18n_en.properties": 1683090575679,
  "view/Main.view.xml": 1683090575679,
  "view/App.view.xml": 1683090575679,
  "model/models.ts": 1683090575679,
  "model/formatter.ts": 1683090575679,
  "img/star-wars-intro.png": 1683090575679,
  "controller/Main.controller.ts": 1683090575679,
  "controller/BaseController.ts": 1683090575679,
  "controller/App.controller.ts": 1683090575679,
  "index.html": 1683090575679,
  "Component.ts": 1683090575679
}